#group,FALSE,FALSE,TRUE,TRUE,FALSE,TRUE,TRUE,TRUE,FALSE,FALSE,FALSE,FALSE,FALSE,FALSE,FALSE
#datatype,string,long,dateTime:RFC3339,dateTime:RFC3339,dateTime:RFC3339,string,string,string,double,double,double,double,double,double,double
#default,_result,,,,,,,,,,,,,,
,result,table,_start,_stop,_time,_measurement,device_id,tenant_id,current,energy_kwh,frequency,power,power_factor,voltage,voltage_l
,,0,2026-04-08T09:35:54.425757563Z,2026-04-09T09:35:54.425757563Z,2026-04-09T06:56:01Z,device_telemetry,TD00000001,64b2f261-4d07-40e8-8d12-7cc6131a42d2,0,0,0,0,1,0,0
,,0,2026-04-08T09:35:54.425757563Z,2026-04-09T09:35:54.425757563Z,2026-04-09T06:56:21Z,device_telemetry,TD00000001,64b2f261-4d07-40e8-8d12-7cc6131a42d2,0,0,0,0,1,0,0
,,0,2026-04-08T09:35:54.425757563Z,2026-04-09T09:35:54.425757563Z,2026-04-09T06:56:42Z,device_telemetry,TD00000001,64b2f261-4d07-40e8-8d12-7cc6131a42d2,0,0,49.946,0,1,0,418.99
,,0,2026-04-08T09:35:54.425757563Z,2026-04-09T09:35:54.425757563Z,2026-04-09T06:57:03Z,device_telemetry,TD00000001,64b2f261-4d07-40e8-8d12-7cc6131a42d2,0,0,49.93,0,1,241.83,418.59
,,0,2026-04-08T09:35:54.425757563Z,2026-04-09T09:35:54.425757563Z,2026-04-09T06:57:24Z,device_telemetry,TD00000001,64b2f261-4d07-40e8-8d12-7cc6131a42d2,0,0,49.955,0,1,241.45,418.5
,,0,2026-04-08T09:35:54.425757563Z,2026-04-09T09:35:54.425757563Z,2026-04-09T06:57:44Z,device_telemetry,TD00000001,64b2f261-4d07-40e8-8d12-7cc6131a42d2,0.7,0,49.963,0,-0.9756,241.41,418.25
,,0,2026-04-08T09:35:54.425757563Z,2026-04-09T09:35:54.425757563Z,2026-04-09T06:58:05Z,device_telemetry,TD00000001,64b2f261-4d07-40e8-8d12-7cc6131a42d2,0.4,0,49.955,-282.3893,-0.9749,241.59,418.32
,,0,2026-04-08T09:35:54.425757563Z,2026-04-09T09:35:54.425757563Z,2026-04-09T06:58:25Z,device_telemetry,TD00000001,64b2f261-4d07-40e8-8d12-7cc6131a42d2,0.4,0,49.946,-285.6269,-0.976,241.47,418.42
,,0,2026-04-08T09:35:54.425757563Z,2026-04-09T09:35:54.425757563Z,2026-04-09T06:58:46Z,device_telemetry,TD00000001,64b2f261-4d07-40e8-8d12-7cc6131a42d2,0.4,0,49.93,-286.9346,-0.9794,241.61,418.61
,,0,2026-04-08T09:35:54.425757563Z,2026-04-09T09:35:54.425757563Z,2026-04-09T06:59:07Z,device_telemetry,TD00000001,64b2f261-4d07-40e8-8d12-7cc6131a42d2,0.4,0,49.93,-281.5252,-0.9751,241.38,417.8
,,0,2026-04-08T09:35:54.425757563Z,2026-04-09T09:35:54.425757563Z,2026-04-09T06:59:27Z,device_telemetry,TD00000001,64b2f261-4d07-40e8-8d12-7cc6131a42d2,0.39,0,49.946,-280.6665,-0.9727,241.4,417.9
,,0,2026-04-08T09:35:54.425757563Z,2026-04-09T09:35:54.425757563Z,2026-04-09T06:59:48Z,device_telemetry,TD00000001,64b2f261-4d07-40e8-8d12-7cc6131a42d2,10.89,0,49.938,-6678.088,-0.858,240.72,417.2
,,0,2026-04-08T09:35:54.425757563Z,2026-04-09T09:35:54.425757563Z,2026-04-09T07:00:08Z,device_telemetry,TD00000001,64b2f261-4d07-40e8-8d12-7cc6131a42d2,11.05,0,49.946,-6710.125,-0.8438,240.89,417.74
,,0,2026-04-08T09:35:54.425757563Z,2026-04-09T09:35:54.425757563Z,2026-04-09T07:00:29Z,device_telemetry,TD00000001,64b2f261-4d07-40e8-8d12-7cc6131a42d2,10.28,0.1,49.963,-6185.658,-0.8354,240.75,417.08
,,0,2026-04-08T09:35:54.425757563Z,2026-04-09T09:35:54.425757563Z,2026-04-09T07:00:49Z,device_telemetry,TD00000001,64b2f261-4d07-40e8-8d12-7cc6131a42d2,10.04,0.1,49.988,-5985.158,-0.8297,241.1,417.51
,,0,2026-04-08T09:35:54.425757563Z,2026-04-09T09:35:54.425757563Z,2026-04-09T07:01:10Z,device_telemetry,TD00000001,64b2f261-4d07-40e8-8d12-7cc6131a42d2,10.26,0.1,49.946,-6155.143,-0.8353,241.36,417.71
,,0,2026-04-08T09:35:54.425757563Z,2026-04-09T09:35:54.425757563Z,2026-04-09T07:01:30Z,device_telemetry,TD00000001,64b2f261-4d07-40e8-8d12-7cc6131a42d2,10.1,0.2,49.946,-6027.231,-0.8315,241.23,417.67
,,0,2026-04-08T09:35:54.425757563Z,2026-04-09T09:35:54.425757563Z,2026-04-09T07:01:51Z,device_telemetry,TD00000001,64b2f261-4d07-40e8-8d12-7cc6131a42d2,10.25,0.2,49.963,-6189.827,-0.8402,240.94,417.24
,,0,2026-04-08T09:35:54.425757563Z,2026-04-09T09:35:54.425757563Z,2026-04-09T07:02:11Z,device_telemetry,TD00000001,64b2f261-4d07-40e8-8d12-7cc6131a42d2,10.28,0.2,49.971,-6181.074,-0.8372,240.88,417.26
,,0,2026-04-08T09:35:54.425757563Z,2026-04-09T09:35:54.425757563Z,2026-04-09T07:02:32Z,device_telemetry,TD00000001,64b2f261-4d07-40e8-8d12-7cc6131a42d2,10.17,0.3,49.963,-6131.396,-0.8393,240.56,416.89
,,0,2026-04-08T09:35:54.425757563Z,2026-04-09T09:35:54.425757563Z,2026-04-09T07:02:52Z,device_telemetry,TD00000001,64b2f261-4d07-40e8-8d12-7cc6131a42d2,10.24,0.3,49.971,-6186.901,-0.8377,240.68,417.25
,,0,2026-04-08T09:35:54.425757563Z,2026-04-09T09:35:54.425757563Z,2026-04-09T07:03:13Z,device_telemetry,TD00000001,64b2f261-4d07-40e8-8d12-7cc6131a42d2,10.19,0.4,49.946,-6129.547,-0.8376,240.87,417.05
,,0,2026-04-08T09:35:54.425757563Z,2026-04-09T09:35:54.425757563Z,2026-04-09T07:03:33Z,device_telemetry,TD00000001,64b2f261-4d07-40e8-8d12-7cc6131a42d2,10.2,0.4,49.93,-6143.742,-0.84,240.63,416.82
,,0,2026-04-08T09:35:54.425757563Z,2026-04-09T09:35:54.425757563Z,2026-04-09T07:03:53Z,device_telemetry,TD00000001,64b2f261-4d07-40e8-8d12-7cc6131a42d2,10.26,0.4,49.946,-6194.604,-0.8402,240.7,416.82
,,0,2026-04-08T09:35:54.425757563Z,2026-04-09T09:35:54.425757563Z,2026-04-09T07:04:14Z,device_telemetry,TD00000001,64b2f261-4d07-40e8-8d12-7cc6131a42d2,10.22,0.5,49.921,-6180.934,-0.8433,240.52,416.62
,,0,2026-04-08T09:35:54.425757563Z,2026-04-09T09:35:54.425757563Z,2026-04-09T07:04:35Z,device_telemetry,TD00000001,64b2f261-4d07-40e8-8d12-7cc6131a42d2,10.34,0.5,49.93,-6281.526,-0.8438,240.51,416.72
,,0,2026-04-08T09:35:54.425757563Z,2026-04-09T09:35:54.425757563Z,2026-04-09T07:04:55Z,device_telemetry,TD00000001,64b2f261-4d07-40e8-8d12-7cc6131a42d2,10.28,0.5,49.938,-6226.039,-0.8412,240.59,416.81
,,0,2026-04-08T09:35:54.425757563Z,2026-04-09T09:35:54.425757563Z,2026-04-09T07:05:15Z,device_telemetry,TD00000001,64b2f261-4d07-40e8-8d12-7cc6131a42d2,10.29,0.6,49.946,-6237.711,-0.8423,240.77,416.71
,,0,2026-04-08T09:35:54.425757563Z,2026-04-09T09:35:54.425757563Z,2026-04-09T07:05:36Z,device_telemetry,TD00000001,64b2f261-4d07-40e8-8d12-7cc6131a42d2,10.11,0.6,49.93,-6053.059,-0.8343,240.44,416.67
,,0,2026-04-08T09:35:54.425757563Z,2026-04-09T09:35:54.425757563Z,2026-04-09T07:05:57Z,device_telemetry,TD00000001,64b2f261-4d07-40e8-8d12-7cc6131a42d2,10.03,0.6,49.913,-6020.415,-0.8346,240.67,417.03
,,0,2026-04-08T09:35:54.425757563Z,2026-04-09T09:35:54.425757563Z,2026-04-09T07:06:17Z,device_telemetry,TD00000001,64b2f261-4d07-40e8-8d12-7cc6131a42d2,10.22,0.7,49.921,-6173.862,-0.84,240.76,416.9
,,0,2026-04-08T09:35:54.425757563Z,2026-04-09T09:35:54.425757563Z,2026-04-09T07:06:38Z,device_telemetry,TD00000001,64b2f261-4d07-40e8-8d12-7cc6131a42d2,10.28,0.7,49.921,-6253.024,-0.8484,240.48,416.56
,,0,2026-04-08T09:35:54.425757563Z,2026-04-09T09:35:54.425757563Z,2026-04-09T07:06:59Z,device_telemetry,TD00000001,64b2f261-4d07-40e8-8d12-7cc6131a42d2,10.46,0.7,49.938,-6409.786,-0.8513,240.54,416.58
,,0,2026-04-08T09:35:54.425757563Z,2026-04-09T09:35:54.425757563Z,2026-04-09T07:07:20Z,device_telemetry,TD00000001,64b2f261-4d07-40e8-8d12-7cc6131a42d2,10.48,0.8,49.93,-6401.066,-0.8478,240.47,416.99
,,0,2026-04-08T09:35:54.425757563Z,2026-04-09T09:35:54.425757563Z,2026-04-09T07:07:40Z,device_telemetry,TD00000001,64b2f261-4d07-40e8-8d12-7cc6131a42d2,10.27,0.8,49.921,-6211.364,-0.8403,240.69,416.99
,,0,2026-04-08T09:35:54.425757563Z,2026-04-09T09:35:54.425757563Z,2026-04-09T07:08:00Z,device_telemetry,TD00000001,64b2f261-4d07-40e8-8d12-7cc6131a42d2,10.27,0.8,49.93,-6224.271,-0.8414,241.15,417.51
,,0,2026-04-08T09:35:54.425757563Z,2026-04-09T09:35:54.425757563Z,2026-04-09T07:08:21Z,device_telemetry,TD00000001,64b2f261-4d07-40e8-8d12-7cc6131a42d2,10.28,0.9,49.93,-6225.142,-0.8383,241.14,417.74
,,0,2026-04-08T09:35:54.425757563Z,2026-04-09T09:35:54.425757563Z,2026-04-09T07:08:41Z,device_telemetry,TD00000001,64b2f261-4d07-40e8-8d12-7cc6131a42d2,10.18,0.9,49.921,-6148.204,-0.8372,241.09,417.49
,,0,2026-04-08T09:35:54.425757563Z,2026-04-09T09:35:54.425757563Z,2026-04-09T07:09:02Z,device_telemetry,TD00000001,64b2f261-4d07-40e8-8d12-7cc6131a42d2,10.17,1,49.921,-6134.367,-0.8373,240.95,417.48
,,0,2026-04-08T09:35:54.425757563Z,2026-04-09T09:35:54.425757563Z,2026-04-09T07:09:23Z,device_telemetry,TD00000001,64b2f261-4d07-40e8-8d12-7cc6131a42d2,10.15,1,49.921,-6117.991,-0.8395,241.01,417.18
,,0,2026-04-08T09:35:54.425757563Z,2026-04-09T09:35:54.425757563Z,2026-04-09T07:09:43Z,device_telemetry,TD00000001,64b2f261-4d07-40e8-8d12-7cc6131a42d2,10.24,1,49.938,-6219.508,-0.8387,240.74,418.74
,,0,2026-04-08T09:35:54.425757563Z,2026-04-09T09:35:54.425757563Z,2026-04-09T07:10:04Z,device_telemetry,TD00000001,64b2f261-4d07-40e8-8d12-7cc6131a42d2,10.34,1.1,49.93,-6289.175,-0.8402,241.86,418.63
,,0,2026-04-08T09:35:54.425757563Z,2026-04-09T09:35:54.425757563Z,2026-04-09T07:10:25Z,device_telemetry,TD00000001,64b2f261-4d07-40e8-8d12-7cc6131a42d2,10.42,1.1,49.93,-6413.871,-0.8496,241.43,418.43
,,0,2026-04-08T09:35:54.425757563Z,2026-04-09T09:35:54.425757563Z,2026-04-09T07:10:45Z,device_telemetry,TD00000001,64b2f261-4d07-40e8-8d12-7cc6131a42d2,10.65,1.1,49.93,-6573.178,-0.8567,241.63,418.32
,,0,2026-04-08T09:35:54.425757563Z,2026-04-09T09:35:54.425757563Z,2026-04-09T07:11:06Z,device_telemetry,TD00000001,64b2f261-4d07-40e8-8d12-7cc6131a42d2,10.8,1.2,49.93,-6637.425,-0.8534,241.47,418.22
,,0,2026-04-08T09:35:54.425757563Z,2026-04-09T09:35:54.425757563Z,2026-04-09T07:11:26Z,device_telemetry,TD00000001,64b2f261-4d07-40e8-8d12-7cc6131a42d2,10.79,1.2,49.938,-6691.534,-0.8602,241.33,418.15
,,0,2026-04-08T09:35:54.425757563Z,2026-04-09T09:35:54.425757563Z,2026-04-09T07:11:47Z,device_telemetry,TD00000001,64b2f261-4d07-40e8-8d12-7cc6131a42d2,10.69,1.2,49.938,-6561.927,-0.8494,241.56,418.55
,,0,2026-04-08T09:35:54.425757563Z,2026-04-09T09:35:54.425757563Z,2026-04-09T07:12:07Z,device_telemetry,TD00000001,64b2f261-4d07-40e8-8d12-7cc6131a42d2,10.37,1.3,49.921,-6309.962,-0.8428,241.32,417.84
,,0,2026-04-08T09:35:54.425757563Z,2026-04-09T09:35:54.425757563Z,2026-04-09T07:12:28Z,device_telemetry,TD00000001,64b2f261-4d07-40e8-8d12-7cc6131a42d2,10.3,1.3,49.921,-6251.58,-0.8394,241.8,418.55
,,0,2026-04-08T09:35:54.425757563Z,2026-04-09T09:35:54.425757563Z,2026-04-09T07:12:48Z,device_telemetry,TD00000001,64b2f261-4d07-40e8-8d12-7cc6131a42d2,10.25,1.4,49.93,-6211.16,-0.8389,241.57,418.92
,,0,2026-04-08T09:35:54.425757563Z,2026-04-09T09:35:54.425757563Z,2026-04-09T07:13:09Z,device_telemetry,TD00000001,64b2f261-4d07-40e8-8d12-7cc6131a42d2,10.33,1.4,49.913,-6261.755,-0.8393,241.86,418.74
,,0,2026-04-08T09:35:54.425757563Z,2026-04-09T09:35:54.425757563Z,2026-04-09T07:13:29Z,device_telemetry,TD00000001,64b2f261-4d07-40e8-8d12-7cc6131a42d2,10.29,1.4,49.93,-6237.558,-0.8418,241.9,419.25
,,0,2026-04-08T09:35:54.425757563Z,2026-04-09T09:35:54.425757563Z,2026-04-09T07:13:50Z,device_telemetry,TD00000001,64b2f261-4d07-40e8-8d12-7cc6131a42d2,10.33,1.5,49.921,-6270.584,-0.8389,241.99,419.02
,,0,2026-04-08T09:35:54.425757563Z,2026-04-09T09:35:54.425757563Z,2026-04-09T07:14:10Z,device_telemetry,TD00000001,64b2f261-4d07-40e8-8d12-7cc6131a42d2,10.3,1.5,49.905,-6233.122,-0.8377,242.12,419.19
,,0,2026-04-08T09:35:54.425757563Z,2026-04-09T09:35:54.425757563Z,2026-04-09T07:14:31Z,device_telemetry,TD00000001,64b2f261-4d07-40e8-8d12-7cc6131a42d2,10.33,1.5,49.913,-6267.462,-0.8366,241.91,419.65
,,0,2026-04-08T09:35:54.425757563Z,2026-04-09T09:35:54.425757563Z,2026-04-09T07:14:51Z,device_telemetry,TD00000001,64b2f261-4d07-40e8-8d12-7cc6131a42d2,10.21,1.6,49.93,-6153.084,-0.833,242.16,419.58
,,0,2026-04-08T09:35:54.425757563Z,2026-04-09T09:35:54.425757563Z,2026-04-09T07:15:12Z,device_telemetry,TD00000001,64b2f261-4d07-40e8-8d12-7cc6131a42d2,10.18,1.6,49.921,-6135.237,-0.8335,242.26,419.66
,,0,2026-04-08T09:35:54.425757563Z,2026-04-09T09:35:54.425757563Z,2026-04-09T07:15:32Z,device_telemetry,TD00000001,64b2f261-4d07-40e8-8d12-7cc6131a42d2,10.26,1.6,49.93,-6217.98,-0.8361,242.5,420.21
,,0,2026-04-08T09:35:54.425757563Z,2026-04-09T09:35:54.425757563Z,2026-04-09T07:15:53Z,device_telemetry,TD00000001,64b2f261-4d07-40e8-8d12-7cc6131a42d2,10.37,1.7,49.921,-6289.714,-0.8357,243.11,421.22
,,0,2026-04-08T09:35:54.425757563Z,2026-04-09T09:35:54.425757563Z,2026-04-09T07:16:13Z,device_telemetry,TD00000001,64b2f261-4d07-40e8-8d12-7cc6131a42d2,10.27,1.7,49.913,-6213.769,-0.8327,242.78,420.66
,,0,2026-04-08T09:35:54.425757563Z,2026-04-09T09:35:54.425757563Z,2026-04-09T07:16:34Z,device_telemetry,TD00000001,64b2f261-4d07-40e8-8d12-7cc6131a42d2,10.25,1.7,49.913,-6187.285,-0.8332,242.72,420.47
,,0,2026-04-08T09:35:54.425757563Z,2026-04-09T09:35:54.425757563Z,2026-04-09T07:16:54Z,device_telemetry,TD00000001,64b2f261-4d07-40e8-8d12-7cc6131a42d2,10.61,1.8,49.913,-6586.66,-0.8524,242.61,420.23
,,0,2026-04-08T09:35:54.425757563Z,2026-04-09T09:35:54.425757563Z,2026-04-09T07:17:15Z,device_telemetry,TD00000001,64b2f261-4d07-40e8-8d12-7cc6131a42d2,10.92,1.8,49.905,-6797.931,-0.8569,242.6,420.12
,,0,2026-04-08T09:35:54.425757563Z,2026-04-09T09:35:54.425757563Z,2026-04-09T07:17:35Z,device_telemetry,TD00000001,64b2f261-4d07-40e8-8d12-7cc6131a42d2,10.88,1.9,49.921,-6723.875,-0.8499,242.85,420.77
,,0,2026-04-08T09:35:54.425757563Z,2026-04-09T09:35:54.425757563Z,2026-04-09T07:17:56Z,device_telemetry,TD00000001,64b2f261-4d07-40e8-8d12-7cc6131a42d2,10.64,1.9,49.921,-6502.839,-0.8438,242.92,421.14
,,0,2026-04-08T09:35:54.425757563Z,2026-04-09T09:35:54.425757563Z,2026-04-09T07:18:16Z,device_telemetry,TD00000001,64b2f261-4d07-40e8-8d12-7cc6131a42d2,10.81,1.9,49.921,-6707.781,-0.8542,243.06,421
,,0,2026-04-08T09:35:54.425757563Z,2026-04-09T09:35:54.425757563Z,2026-04-09T07:18:37Z,device_telemetry,TD00000001,64b2f261-4d07-40e8-8d12-7cc6131a42d2,10.71,2,49.938,-6599.582,-0.8478,242.98,420.93
,,0,2026-04-08T09:35:54.425757563Z,2026-04-09T09:35:54.425757563Z,2026-04-09T07:18:57Z,device_telemetry,TD00000001,64b2f261-4d07-40e8-8d12-7cc6131a42d2,10.67,2,49.938,-6586.567,-0.8481,243.25,421.45
,,0,2026-04-08T09:35:54.425757563Z,2026-04-09T09:35:54.425757563Z,2026-04-09T07:19:18Z,device_telemetry,TD00000001,64b2f261-4d07-40e8-8d12-7cc6131a42d2,10.56,2,49.938,-6451.137,-0.8396,243.15,421.19
,,0,2026-04-08T09:35:54.425757563Z,2026-04-09T09:35:54.425757563Z,2026-04-09T07:19:38Z,device_telemetry,TD00000001,64b2f261-4d07-40e8-8d12-7cc6131a42d2,10.51,2.1,49.921,-6459.455,-0.8454,243.16,421.12
,,0,2026-04-08T09:35:54.425757563Z,2026-04-09T09:35:54.425757563Z,2026-04-09T07:19:59Z,device_telemetry,TD00000001,64b2f261-4d07-40e8-8d12-7cc6131a42d2,10.57,2.1,49.921,-6458.222,-0.8411,243.16,421.04
,,0,2026-04-08T09:35:54.425757563Z,2026-04-09T09:35:54.425757563Z,2026-04-09T07:20:19Z,device_telemetry,TD00000001,64b2f261-4d07-40e8-8d12-7cc6131a42d2,10.32,2.2,49.93,-6246.319,-0.8363,242.72,420.38
,,0,2026-04-08T09:35:54.425757563Z,2026-04-09T09:35:54.425757563Z,2026-04-09T07:20:40Z,device_telemetry,TD00000001,64b2f261-4d07-40e8-8d12-7cc6131a42d2,10.61,2.2,49.938,-6573.963,-0.8549,242.62,420
,,0,2026-04-08T09:35:54.425757563Z,2026-04-09T09:35:54.425757563Z,2026-04-09T07:21:00Z,device_telemetry,TD00000001,64b2f261-4d07-40e8-8d12-7cc6131a42d2,10.91,2.2,49.955,-6803.042,-0.8571,242.58,420.24
,,0,2026-04-08T09:35:54.425757563Z,2026-04-09T09:35:54.425757563Z,2026-04-09T07:21:20Z,device_telemetry,TD00000001,64b2f261-4d07-40e8-8d12-7cc6131a42d2,10.56,2.3,49.955,-6430.301,-0.8399,242.91,420.72
,,0,2026-04-08T09:35:54.425757563Z,2026-04-09T09:35:54.425757563Z,2026-04-09T07:21:41Z,device_telemetry,TD00000001,64b2f261-4d07-40e8-8d12-7cc6131a42d2,10.25,2.3,49.971,-6210.128,-0.8334,243.11,420.98
,,0,2026-04-08T09:35:54.425757563Z,2026-04-09T09:35:54.425757563Z,2026-04-09T07:22:02Z,device_telemetry,TD00000001,64b2f261-4d07-40e8-8d12-7cc6131a42d2,10.23,2.3,49.963,-6185.761,-0.8327,243.16,421.3
,,0,2026-04-08T09:35:54.425757563Z,2026-04-09T09:35:54.425757563Z,2026-04-09T07:22:22Z,device_telemetry,TD00000001,64b2f261-4d07-40e8-8d12-7cc6131a42d2,10.33,2.4,49.955,-6265.308,-0.834,243.08,421.45
,,0,2026-04-08T09:35:54.425757563Z,2026-04-09T09:35:54.425757563Z,2026-04-09T07:22:43Z,device_telemetry,TD00000001,64b2f261-4d07-40e8-8d12-7cc6131a42d2,10.26,2.4,49.963,-6205.865,-0.8343,243.21,421.33
,,0,2026-04-08T09:35:54.425757563Z,2026-04-09T09:35:54.425757563Z,2026-04-09T07:23:03Z,device_telemetry,TD00000001,64b2f261-4d07-40e8-8d12-7cc6131a42d2,10.55,2.4,49.955,-6500.875,-0.8461,243.28,421.73
,,0,2026-04-08T09:35:54.425757563Z,2026-04-09T09:35:54.425757563Z,2026-04-09T07:23:24Z,device_telemetry,TD00000001,64b2f261-4d07-40e8-8d12-7cc6131a42d2,10.64,2.5,49.971,-6530.576,-0.8441,243.58,421.52
,,0,2026-04-08T09:35:54.425757563Z,2026-04-09T09:35:54.425757563Z,2026-04-09T07:23:45Z,device_telemetry,TD00000001,64b2f261-4d07-40e8-8d12-7cc6131a42d2,10.66,2.5,49.971,-6542.517,-0.8436,243.29,421.66
,,0,2026-04-08T09:35:54.425757563Z,2026-04-09T09:35:54.425757563Z,2026-04-09T07:24:05Z,device_telemetry,TD00000001,64b2f261-4d07-40e8-8d12-7cc6131a42d2,10.52,2.6,49.963,-6488.125,-0.846,243.18,420.87
,,0,2026-04-08T09:35:54.425757563Z,2026-04-09T09:35:54.425757563Z,2026-04-09T07:24:25Z,device_telemetry,TD00000001,64b2f261-4d07-40e8-8d12-7cc6131a42d2,10.51,2.6,49.98,-6429.595,-0.8409,243.29,421.55
,,0,2026-04-08T09:35:54.425757563Z,2026-04-09T09:35:54.425757563Z,2026-04-09T07:24:46Z,device_telemetry,TD00000001,64b2f261-4d07-40e8-8d12-7cc6131a42d2,10.36,2.6,49.971,-6286.539,-0.8363,243.23,421.31
,,0,2026-04-08T09:35:54.425757563Z,2026-04-09T09:35:54.425757563Z,2026-04-09T07:25:06Z,device_telemetry,TD00000001,64b2f261-4d07-40e8-8d12-7cc6131a42d2,10.33,2.7,49.988,-6292.797,-0.8379,243.52,421.6
,,0,2026-04-08T09:35:54.425757563Z,2026-04-09T09:35:54.425757563Z,2026-04-09T07:25:27Z,device_telemetry,TD00000001,64b2f261-4d07-40e8-8d12-7cc6131a42d2,10.38,2.7,49.988,-6317.446,-0.837,243.27,421.52
,,0,2026-04-08T09:35:54.425757563Z,2026-04-09T09:35:54.425757563Z,2026-04-09T07:25:48Z,device_telemetry,TD00000001,64b2f261-4d07-40e8-8d12-7cc6131a42d2,10.34,2.7,50.005,-6285.315,-0.8366,243.51,421.76
,,0,2026-04-08T09:35:54.425757563Z,2026-04-09T09:35:54.425757563Z,2026-04-09T07:26:08Z,device_telemetry,TD00000001,64b2f261-4d07-40e8-8d12-7cc6131a42d2,10.38,2.8,50.005,-6325.262,-0.8353,243.76,422.11
,,0,2026-04-08T09:35:54.425757563Z,2026-04-09T09:35:54.425757563Z,2026-04-09T07:26:29Z,device_telemetry,TD00000001,64b2f261-4d07-40e8-8d12-7cc6131a42d2,10.3,2.8,50.005,-6256.318,-0.8341,243.73,422.33
,,0,2026-04-08T09:35:54.425757563Z,2026-04-09T09:35:54.425757563Z,2026-04-09T07:26:49Z,device_telemetry,TD00000001,64b2f261-4d07-40e8-8d12-7cc6131a42d2,10.31,2.8,49.988,-6233.714,-0.8292,243.99,423.06
,,0,2026-04-08T09:35:54.425757563Z,2026-04-09T09:35:54.425757563Z,2026-04-09T07:27:10Z,device_telemetry,TD00000001,64b2f261-4d07-40e8-8d12-7cc6131a42d2,10.23,2.9,49.98,-6183.896,-0.8263,244.25,423.03
,,0,2026-04-08T09:35:54.425757563Z,2026-04-09T09:35:54.425757563Z,2026-04-09T07:27:31Z,device_telemetry,TD00000001,64b2f261-4d07-40e8-8d12-7cc6131a42d2,10.26,2.9,49.971,-6185.252,-0.8272,244.32,423.09
,,0,2026-04-08T09:35:54.425757563Z,2026-04-09T09:35:54.425757563Z,2026-04-09T07:27:51Z,device_telemetry,TD00000001,64b2f261-4d07-40e8-8d12-7cc6131a42d2,10.45,3,49.98,-6406.667,-0.8398,244.36,423.32
,,0,2026-04-08T09:35:54.425757563Z,2026-04-09T09:35:54.425757563Z,2026-04-09T07:28:12Z,device_telemetry,TD00000001,64b2f261-4d07-40e8-8d12-7cc6131a42d2,10.62,3,49.988,-6516.807,-0.8389,244.31,423.47
,,0,2026-04-08T09:35:54.425757563Z,2026-04-09T09:35:54.425757563Z,2026-04-09T07:28:32Z,device_telemetry,TD00000001,64b2f261-4d07-40e8-8d12-7cc6131a42d2,10.48,3,50.005,-6375.806,-0.8326,244.44,423.84
,,0,2026-04-08T09:35:54.425757563Z,2026-04-09T09:35:54.425757563Z,2026-04-09T07:28:53Z,device_telemetry,TD00000001,64b2f261-4d07-40e8-8d12-7cc6131a42d2,10.37,3.1,49.988,-6282.443,-0.8289,244.88,424.03
,,0,2026-04-08T09:35:54.425757563Z,2026-04-09T09:35:54.425757563Z,2026-04-09T07:29:13Z,device_telemetry,TD00000001,64b2f261-4d07-40e8-8d12-7cc6131a42d2,10.28,3.1,50.005,-6205.17,-0.8251,244.73,424.04
,,0,2026-04-08T09:35:54.425757563Z,2026-04-09T09:35:54.425757563Z,2026-04-09T07:29:33Z,device_telemetry,TD00000001,64b2f261-4d07-40e8-8d12-7cc6131a42d2,10.3,3.1,50.046,-6230.886,-0.8266,245,424.48
,,0,2026-04-08T09:35:54.425757563Z,2026-04-09T09:35:54.425757563Z,2026-04-09T07:29:54Z,device_telemetry,TD00000001,64b2f261-4d07-40e8-8d12-7cc6131a42d2,10.28,3.2,50.046,-6216.125,-0.8246,245.05,424.74
,,0,2026-04-08T09:35:54.425757563Z,2026-04-09T09:35:54.425757563Z,2026-04-09T07:30:14Z,device_telemetry,TD00000001,64b2f261-4d07-40e8-8d12-7cc6131a42d2,10.34,3.2,50.03,-6247.915,-0.8231,245.32,425.41
,,0,2026-04-08T09:35:54.425757563Z,2026-04-09T09:35:54.425757563Z,2026-04-09T07:30:35Z,device_telemetry,TD00000001,64b2f261-4d07-40e8-8d12-7cc6131a42d2,10.28,3.2,50.046,-6192.208,-0.8191,245.79,426.04
,,0,2026-04-08T09:35:54.425757563Z,2026-04-09T09:35:54.425757563Z,2026-04-09T07:30:56Z,device_telemetry,TD00000001,64b2f261-4d07-40e8-8d12-7cc6131a42d2,10.29,3.3,50.038,-6204.731,-0.8208,246.19,426.27
,,0,2026-04-08T09:35:54.425757563Z,2026-04-09T09:35:54.425757563Z,2026-04-09T07:31:16Z,device_telemetry,TD00000001,64b2f261-4d07-40e8-8d12-7cc6131a42d2,10.37,3.3,50.046,-6280.464,-0.8204,246.37,426.84
,,0,2026-04-08T09:35:54.425757563Z,2026-04-09T09:35:54.425757563Z,2026-04-09T07:31:37Z,device_telemetry,TD00000001,64b2f261-4d07-40e8-8d12-7cc6131a42d2,10.4,3.3,50.046,-6285.094,-0.8193,246.74,427.4
,,0,2026-04-08T09:35:54.425757563Z,2026-04-09T09:35:54.425757563Z,2026-04-09T07:31:58Z,device_telemetry,TD00000001,64b2f261-4d07-40e8-8d12-7cc6131a42d2,10.36,3.4,50.055,-6242.251,-0.816,246.81,427.78
,,0,2026-04-08T09:35:54.425757563Z,2026-04-09T09:35:54.425757563Z,2026-04-09T07:32:18Z,device_telemetry,TD00000001,64b2f261-4d07-40e8-8d12-7cc6131a42d2,10.35,3.4,50.063,-6237.229,-0.8168,247.09,428.03
,,0,2026-04-08T09:35:54.425757563Z,2026-04-09T09:35:54.425757563Z,2026-04-09T07:32:39Z,device_telemetry,TD00000001,64b2f261-4d07-40e8-8d12-7cc6131a42d2,10.36,3.5,50.046,-6253.341,-0.8191,246.82,427.6
,,0,2026-04-08T09:35:54.425757563Z,2026-04-09T09:35:54.425757563Z,2026-04-09T07:32:59Z,device_telemetry,TD00000001,64b2f261-4d07-40e8-8d12-7cc6131a42d2,10.39,3.5,50.038,-6253.958,-0.8182,246.81,427.39
,,0,2026-04-08T09:35:54.425757563Z,2026-04-09T09:35:54.425757563Z,2026-04-09T07:33:20Z,device_telemetry,TD00000001,64b2f261-4d07-40e8-8d12-7cc6131a42d2,10.37,3.5,50.021,-6292.419,-0.8254,246.14,426.29
,,0,2026-04-08T09:35:54.425757563Z,2026-04-09T09:35:54.425757563Z,2026-04-09T07:33:40Z,device_telemetry,TD00000001,64b2f261-4d07-40e8-8d12-7cc6131a42d2,10.75,3.6,50.021,-6668.848,-0.8398,246.04,425.92
,,0,2026-04-08T09:35:54.425757563Z,2026-04-09T09:35:54.425757563Z,2026-04-09T07:34:01Z,device_telemetry,TD00000001,64b2f261-4d07-40e8-8d12-7cc6131a42d2,10.65,3.6,50.021,-6548.311,-0.8366,245.91,426.07
,,0,2026-04-08T09:35:54.425757563Z,2026-04-09T09:35:54.425757563Z,2026-04-09T07:34:21Z,device_telemetry,TD00000001,64b2f261-4d07-40e8-8d12-7cc6131a42d2,10.66,3.6,49.996,-6541.447,-0.8405,245.92,425.69
,,0,2026-04-08T09:35:54.425757563Z,2026-04-09T09:35:54.425757563Z,2026-04-09T07:34:42Z,device_telemetry,TD00000001,64b2f261-4d07-40e8-8d12-7cc6131a42d2,10.98,3.7,49.996,-6840.555,-0.845,246.65,427.46
,,0,2026-04-08T09:35:54.425757563Z,2026-04-09T09:35:54.425757563Z,2026-04-09T07:35:02Z,device_telemetry,TD00000001,64b2f261-4d07-40e8-8d12-7cc6131a42d2,10.92,3.7,49.996,-6742.662,-0.8406,246.65,427.08
,,0,2026-04-08T09:35:54.425757563Z,2026-04-09T09:35:54.425757563Z,2026-04-09T07:35:23Z,device_telemetry,TD00000001,64b2f261-4d07-40e8-8d12-7cc6131a42d2,10.84,3.8,50.005,-6680.123,-0.8404,246.15,426.91
,,0,2026-04-08T09:35:54.425757563Z,2026-04-09T09:35:54.425757563Z,2026-04-09T07:35:43Z,device_telemetry,TD00000001,64b2f261-4d07-40e8-8d12-7cc6131a42d2,10.91,3.8,50.013,-6793.034,-0.8455,246.69,427.38
,,0,2026-04-08T09:35:54.425757563Z,2026-04-09T09:35:54.425757563Z,2026-04-09T07:36:04Z,device_telemetry,TD00000001,64b2f261-4d07-40e8-8d12-7cc6131a42d2,10.88,3.8,50.013,-6698.984,-0.8321,246.76,427.52
,,0,2026-04-08T09:35:54.425757563Z,2026-04-09T09:35:54.425757563Z,2026-04-09T07:36:25Z,device_telemetry,TD00000001,64b2f261-4d07-40e8-8d12-7cc6131a42d2,10.47,3.9,49.988,-6335.589,-0.8198,246.75,427.33
,,0,2026-04-08T09:35:54.425757563Z,2026-04-09T09:35:54.425757563Z,2026-04-09T07:36:45Z,device_telemetry,TD00000001,64b2f261-4d07-40e8-8d12-7cc6131a42d2,10.33,3.9,49.996,-6207.488,-0.8144,246.93,427.9
,,0,2026-04-08T09:35:54.425757563Z,2026-04-09T09:35:54.425757563Z,2026-04-09T07:37:06Z,device_telemetry,TD00000001,64b2f261-4d07-40e8-8d12-7cc6131a42d2,10.36,3.9,49.98,-6247.884,-0.8175,246.91,427.8
,,0,2026-04-08T09:35:54.425757563Z,2026-04-09T09:35:54.425757563Z,2026-04-09T07:37:26Z,device_telemetry,TD00000001,64b2f261-4d07-40e8-8d12-7cc6131a42d2,10.42,4,49.988,-6286.1,-0.8174,246.92,427.7
,,0,2026-04-08T09:35:54.425757563Z,2026-04-09T09:35:54.425757563Z,2026-04-09T07:37:47Z,device_telemetry,TD00000001,64b2f261-4d07-40e8-8d12-7cc6131a42d2,10.36,4,49.988,-6247.135,-0.8188,246.9,427.61
,,0,2026-04-08T09:35:54.425757563Z,2026-04-09T09:35:54.425757563Z,2026-04-09T07:38:07Z,device_telemetry,TD00000001,64b2f261-4d07-40e8-8d12-7cc6131a42d2,10.41,4,49.988,-6297.533,-0.8188,246.65,427.45
,,0,2026-04-08T09:35:54.425757563Z,2026-04-09T09:35:54.425757563Z,2026-04-09T07:38:28Z,device_telemetry,TD00000001,64b2f261-4d07-40e8-8d12-7cc6131a42d2,10.35,4.1,49.988,-6240.271,-0.8173,246.93,427.3
,,0,2026-04-08T09:35:54.425757563Z,2026-04-09T09:35:54.425757563Z,2026-04-09T07:38:48Z,device_telemetry,TD00000001,64b2f261-4d07-40e8-8d12-7cc6131a42d2,10.37,4.1,49.996,-6276.244,-0.8262,246.69,427.51
,,0,2026-04-08T09:35:54.425757563Z,2026-04-09T09:35:54.425757563Z,2026-04-09T07:39:09Z,device_telemetry,TD00000001,64b2f261-4d07-40e8-8d12-7cc6131a42d2,10.62,4.2,49.971,-6477.801,-0.8276,246.56,427.1
,,0,2026-04-08T09:35:54.425757563Z,2026-04-09T09:35:54.425757563Z,2026-04-09T07:39:30Z,device_telemetry,TD00000001,64b2f261-4d07-40e8-8d12-7cc6131a42d2,10.49,4.2,49.971,-6354.621,-0.8225,246.58,427.37
,,0,2026-04-08T09:35:54.425757563Z,2026-04-09T09:35:54.425757563Z,2026-04-09T07:39:50Z,device_telemetry,TD00000001,64b2f261-4d07-40e8-8d12-7cc6131a42d2,10.54,4.2,49.98,-6413.82,-0.8253,246.25,427.01
,,0,2026-04-08T09:35:54.425757563Z,2026-04-09T09:35:54.425757563Z,2026-04-09T07:40:11Z,device_telemetry,TD00000001,64b2f261-4d07-40e8-8d12-7cc6131a42d2,10.69,4.3,49.98,-6545.391,-0.8295,247.05,427.82
,,0,2026-04-08T09:35:54.425757563Z,2026-04-09T09:35:54.425757563Z,2026-04-09T07:40:32Z,device_telemetry,TD00000001,64b2f261-4d07-40e8-8d12-7cc6131a42d2,10.58,4.3,49.98,-6405.32,-0.8241,246.53,426.98
,,0,2026-04-08T09:35:54.425757563Z,2026-04-09T09:35:54.425757563Z,2026-04-09T07:40:53Z,device_telemetry,TD00000001,64b2f261-4d07-40e8-8d12-7cc6131a42d2,10.42,4.3,49.971,-6295.74,-0.8212,246.51,427.05
,,0,2026-04-08T09:35:54.425757563Z,2026-04-09T09:35:54.425757563Z,2026-04-09T07:41:13Z,device_telemetry,TD00000001,64b2f261-4d07-40e8-8d12-7cc6131a42d2,10.45,4.4,49.98,-6333.992,-0.8238,246.55,427.17
,,0,2026-04-08T09:35:54.425757563Z,2026-04-09T09:35:54.425757563Z,2026-04-09T07:41:34Z,device_telemetry,TD00000001,64b2f261-4d07-40e8-8d12-7cc6131a42d2,10.48,4.4,49.996,-6348.822,-0.8225,246.73,427.4
,,0,2026-04-08T09:35:54.425757563Z,2026-04-09T09:35:54.425757563Z,2026-04-09T07:41:55Z,device_telemetry,TD00000001,64b2f261-4d07-40e8-8d12-7cc6131a42d2,10.44,4.4,49.988,-6321.786,-0.8214,246.84,427.51
,,0,2026-04-08T09:35:54.425757563Z,2026-04-09T09:35:54.425757563Z,2026-04-09T07:42:15Z,device_telemetry,TD00000001,64b2f261-4d07-40e8-8d12-7cc6131a42d2,10.57,4.5,49.996,-6465.805,-0.8302,246.69,427.18
,,0,2026-04-08T09:35:54.425757563Z,2026-04-09T09:35:54.425757563Z,2026-04-09T07:42:36Z,device_telemetry,TD00000001,64b2f261-4d07-40e8-8d12-7cc6131a42d2,10.53,4.5,49.996,-6408.514,-0.8257,246.62,427.37
,,0,2026-04-08T09:35:54.425757563Z,2026-04-09T09:35:54.425757563Z,2026-04-09T07:42:57Z,device_telemetry,TD00000001,64b2f261-4d07-40e8-8d12-7cc6131a42d2,10.48,4.6,50.013,-6352.37,-0.8232,246.81,427.34
,,0,2026-04-08T09:35:54.425757563Z,2026-04-09T09:35:54.425757563Z,2026-04-09T07:43:17Z,device_telemetry,TD00000001,64b2f261-4d07-40e8-8d12-7cc6131a42d2,10.65,4.6,50.005,-6520.343,-0.8261,247.02,428.03
,,0,2026-04-08T09:35:54.425757563Z,2026-04-09T09:35:54.425757563Z,2026-04-09T07:43:38Z,device_telemetry,TD00000001,64b2f261-4d07-40e8-8d12-7cc6131a42d2,10.6,4.6,50.021,-6504.271,-0.8313,247.21,428.05
,,0,2026-04-08T09:35:54.425757563Z,2026-04-09T09:35:54.425757563Z,2026-04-09T07:43:58Z,device_telemetry,TD00000001,64b2f261-4d07-40e8-8d12-7cc6131a42d2,10.78,4.7,50.005,-6652.415,-0.8322,247.03,428
,,0,2026-04-08T09:35:54.425757563Z,2026-04-09T09:35:54.425757563Z,2026-04-09T07:44:18Z,device_telemetry,TD00000001,64b2f261-4d07-40e8-8d12-7cc6131a42d2,10.79,4.7,50.005,-6653.77,-0.8339,247.23,428.35
,,0,2026-04-08T09:35:54.425757563Z,2026-04-09T09:35:54.425757563Z,2026-04-09T07:44:39Z,device_telemetry,TD00000001,64b2f261-4d07-40e8-8d12-7cc6131a42d2,10.68,4.7,50.005,-6561.942,-0.8321,247.29,428.11
,,0,2026-04-08T09:35:54.425757563Z,2026-04-09T09:35:54.425757563Z,2026-04-09T07:44:59Z,device_telemetry,TD00000001,64b2f261-4d07-40e8-8d12-7cc6131a42d2,10.76,4.8,49.98,-6622.771,-0.8334,247.19,428.23
,,0,2026-04-08T09:35:54.425757563Z,2026-04-09T09:35:54.425757563Z,2026-04-09T07:45:19Z,device_telemetry,TD00000001,64b2f261-4d07-40e8-8d12-7cc6131a42d2,10.84,4.8,49.98,-6669.817,-0.8349,247.04,427.92
,,0,2026-04-08T09:35:54.425757563Z,2026-04-09T09:35:54.425757563Z,2026-04-09T07:45:40Z,device_telemetry,TD00000001,64b2f261-4d07-40e8-8d12-7cc6131a42d2,10.78,4.9,49.98,-6639.146,-0.8343,247.19,428.03
,,0,2026-04-08T09:35:54.425757563Z,2026-04-09T09:35:54.425757563Z,2026-04-09T07:46:01Z,device_telemetry,TD00000001,64b2f261-4d07-40e8-8d12-7cc6131a42d2,10.8,4.9,49.98,-6623.479,-0.8311,246.88,427.9
,,0,2026-04-08T09:35:54.425757563Z,2026-04-09T09:35:54.425757563Z,2026-04-09T07:46:21Z,device_telemetry,TD00000001,64b2f261-4d07-40e8-8d12-7cc6131a42d2,10.57,4.9,49.98,-6445.852,-0.8235,246.9,427.8
,,0,2026-04-08T09:35:54.425757563Z,2026-04-09T09:35:54.425757563Z,2026-04-09T07:46:42Z,device_telemetry,TD00000001,64b2f261-4d07-40e8-8d12-7cc6131a42d2,10.51,5,49.996,-6429.538,-0.8302,246.98,427.82
,,0,2026-04-08T09:35:54.425757563Z,2026-04-09T09:35:54.425757563Z,2026-04-09T07:47:02Z,device_telemetry,TD00000001,64b2f261-4d07-40e8-8d12-7cc6131a42d2,10.68,5,49.996,-6548.954,-0.8321,246.78,427.63
,,0,2026-04-08T09:35:54.425757563Z,2026-04-09T09:35:54.425757563Z,2026-04-09T07:47:23Z,device_telemetry,TD00000001,64b2f261-4d07-40e8-8d12-7cc6131a42d2,10.66,5,49.996,-6514.875,-0.8244,247.14,428.13
,,0,2026-04-08T09:35:54.425757563Z,2026-04-09T09:35:54.425757563Z,2026-04-09T07:47:43Z,device_telemetry,TD00000001,64b2f261-4d07-40e8-8d12-7cc6131a42d2,10.52,5.1,49.988,-6382.65,-0.8217,247.23,428.38
,,0,2026-04-08T09:35:54.425757563Z,2026-04-09T09:35:54.425757563Z,2026-04-09T07:48:04Z,device_telemetry,TD00000001,64b2f261-4d07-40e8-8d12-7cc6131a42d2,10.62,5.1,49.98,-6485.426,-0.8215,247.45,428.96
,,0,2026-04-08T09:35:54.425757563Z,2026-04-09T09:35:54.425757563Z,2026-04-09T07:48:24Z,device_telemetry,TD00000001,64b2f261-4d07-40e8-8d12-7cc6131a42d2,10.52,5.2,49.971,-6367.876,-0.8205,247.64,428.91
,,0,2026-04-08T09:35:54.425757563Z,2026-04-09T09:35:54.425757563Z,2026-04-09T07:48:45Z,device_telemetry,TD00000001,64b2f261-4d07-40e8-8d12-7cc6131a42d2,10.54,5.2,49.98,-6447.061,-0.831,246.96,427.74
,,0,2026-04-08T09:35:54.425757563Z,2026-04-09T09:35:54.425757563Z,2026-04-09T07:49:05Z,device_telemetry,TD00000001,64b2f261-4d07-40e8-8d12-7cc6131a42d2,10.78,5.2,49.98,-6652.338,-0.8368,246.96,427.69
,,0,2026-04-08T09:35:54.425757563Z,2026-04-09T09:35:54.425757563Z,2026-04-09T07:49:26Z,device_telemetry,TD00000001,64b2f261-4d07-40e8-8d12-7cc6131a42d2,11.06,5.3,49.988,-6936.297,-0.8505,246.9,427.96
,,0,2026-04-08T09:35:54.425757563Z,2026-04-09T09:35:54.425757563Z,2026-04-09T07:49:47Z,device_telemetry,TD00000001,64b2f261-4d07-40e8-8d12-7cc6131a42d2,11.15,5.3,50.005,-7000.092,-0.8492,246.76,427.53
,,0,2026-04-08T09:35:54.425757563Z,2026-04-09T09:35:54.425757563Z,2026-04-09T07:50:07Z,device_telemetry,TD00000001,64b2f261-4d07-40e8-8d12-7cc6131a42d2,11.12,5.3,50.005,-6983.812,-0.8522,246.9,427.41
,,0,2026-04-08T09:35:54.425757563Z,2026-04-09T09:35:54.425757563Z,2026-04-09T07:50:27Z,device_telemetry,TD00000001,64b2f261-4d07-40e8-8d12-7cc6131a42d2,11.21,5.4,50.005,-7030.387,-0.8489,246.88,427.88
,,0,2026-04-08T09:35:54.425757563Z,2026-04-09T09:35:54.425757563Z,2026-04-09T07:50:48Z,device_telemetry,TD00000001,64b2f261-4d07-40e8-8d12-7cc6131a42d2,11.02,5.4,50.005,-6846.524,-0.8383,247.27,428.42
,,0,2026-04-08T09:35:54.425757563Z,2026-04-09T09:35:54.425757563Z,2026-04-09T07:51:09Z,device_telemetry,TD00000001,64b2f261-4d07-40e8-8d12-7cc6131a42d2,10.76,5.5,50.005,-6628.841,-0.8331,247.1,427.94
,,0,2026-04-08T09:35:54.425757563Z,2026-04-09T09:35:54.425757563Z,2026-04-09T07:51:29Z,device_telemetry,TD00000001,64b2f261-4d07-40e8-8d12-7cc6131a42d2,10.94,5.5,49.988,-6815.481,-0.8511,247.08,427.89
,,0,2026-04-08T09:35:54.425757563Z,2026-04-09T09:35:54.425757563Z,2026-04-09T07:51:49Z,device_telemetry,TD00000001,64b2f261-4d07-40e8-8d12-7cc6131a42d2,11.2,5.5,49.98,-7027.953,-0.8504,246.66,427.45
,,0,2026-04-08T09:35:54.425757563Z,2026-04-09T09:35:54.425757563Z,2026-04-09T07:52:10Z,device_telemetry,TD00000001,64b2f261-4d07-40e8-8d12-7cc6131a42d2,11.17,5.6,49.988,-6952.794,-0.8461,246.75,427.12
,,0,2026-04-08T09:35:54.425757563Z,2026-04-09T09:35:54.425757563Z,2026-04-09T07:52:31Z,device_telemetry,TD00000001,64b2f261-4d07-40e8-8d12-7cc6131a42d2,11.11,5.6,49.98,-6968.557,-0.853,246.6,427.1
,,0,2026-04-08T09:35:54.425757563Z,2026-04-09T09:35:54.425757563Z,2026-04-09T07:52:51Z,device_telemetry,TD00000001,64b2f261-4d07-40e8-8d12-7cc6131a42d2,11.28,5.7,50.005,-7109.5,-0.8506,246.68,427.19
,,0,2026-04-08T09:35:54.425757563Z,2026-04-09T09:35:54.425757563Z,2026-04-09T07:53:11Z,device_telemetry,TD00000001,64b2f261-4d07-40e8-8d12-7cc6131a42d2,10.91,5.7,50.005,-6751.312,-0.8384,246.5,427.02
,,0,2026-04-08T09:35:54.425757563Z,2026-04-09T09:35:54.425757563Z,2026-04-09T07:53:32Z,device_telemetry,TD00000001,64b2f261-4d07-40e8-8d12-7cc6131a42d2,10.69,5.7,49.98,-6572.927,-0.835,246.6,426.84
,,0,2026-04-08T09:35:54.425757563Z,2026-04-09T09:35:54.425757563Z,2026-04-09T07:53:53Z,device_telemetry,TD00000001,64b2f261-4d07-40e8-8d12-7cc6131a42d2,10.62,5.8,49.98,-6493.48,-0.8296,246.42,426.9
,,0,2026-04-08T09:35:54.425757563Z,2026-04-09T09:35:54.425757563Z,2026-04-09T07:54:13Z,device_telemetry,TD00000001,64b2f261-4d07-40e8-8d12-7cc6131a42d2,10.51,5.8,50.005,-6419.095,-0.8274,246.57,427.06
,,0,2026-04-08T09:35:54.425757563Z,2026-04-09T09:35:54.425757563Z,2026-04-09T07:54:34Z,device_telemetry,TD00000001,64b2f261-4d07-40e8-8d12-7cc6131a42d2,10.49,5.8,50.005,-6397.136,-0.8277,246.51,426.96
,,0,2026-04-08T09:35:54.425757563Z,2026-04-09T09:35:54.425757563Z,2026-04-09T07:54:54Z,device_telemetry,TD00000001,64b2f261-4d07-40e8-8d12-7cc6131a42d2,10.49,5.9,50.013,-6384.792,-0.8283,246.51,426.54
,,0,2026-04-08T09:35:54.425757563Z,2026-04-09T09:35:54.425757563Z,2026-04-09T07:55:15Z,device_telemetry,TD00000001,64b2f261-4d07-40e8-8d12-7cc6131a42d2,10.57,5.9,49.996,-6483.831,-0.8339,246.66,426.79
,,0,2026-04-08T09:35:54.425757563Z,2026-04-09T09:35:54.425757563Z,2026-04-09T07:55:36Z,device_telemetry,TD00000001,64b2f261-4d07-40e8-8d12-7cc6131a42d2,10.71,6,49.98,-6605.465,-0.8354,246.76,427.43
,,0,2026-04-08T09:35:54.425757563Z,2026-04-09T09:35:54.425757563Z,2026-04-09T07:55:56Z,device_telemetry,TD00000001,64b2f261-4d07-40e8-8d12-7cc6131a42d2,10.74,6,49.988,-6606.126,-0.8354,246.7,427.15
,,0,2026-04-08T09:35:54.425757563Z,2026-04-09T09:35:54.425757563Z,2026-04-09T07:56:17Z,device_telemetry,TD00000001,64b2f261-4d07-40e8-8d12-7cc6131a42d2,10.66,6,49.971,-6518.621,-0.8311,246.64,427.27
,,0,2026-04-08T09:35:54.425757563Z,2026-04-09T09:35:54.425757563Z,2026-04-09T07:56:38Z,device_telemetry,TD00000001,64b2f261-4d07-40e8-8d12-7cc6131a42d2,10.61,6.1,49.963,-6506.076,-0.8323,246.6,427.24
,,0,2026-04-08T09:35:54.425757563Z,2026-04-09T09:35:54.425757563Z,2026-04-09T07:56:59Z,device_telemetry,TD00000001,64b2f261-4d07-40e8-8d12-7cc6131a42d2,10.74,6.1,49.955,-6631.783,-0.8371,246.67,427.4
,,0,2026-04-08T09:35:54.425757563Z,2026-04-09T09:35:54.425757563Z,2026-04-09T07:57:19Z,device_telemetry,TD00000001,64b2f261-4d07-40e8-8d12-7cc6131a42d2,10.84,6.2,49.963,-6723.441,-0.8412,246.45,427.4
,,0,2026-04-08T09:35:54.425757563Z,2026-04-09T09:35:54.425757563Z,2026-04-09T07:57:39Z,device_telemetry,TD00000001,64b2f261-4d07-40e8-8d12-7cc6131a42d2,10.89,6.2,49.971,-6729.968,-0.8352,246.73,427.64
,,0,2026-04-08T09:35:54.425757563Z,2026-04-09T09:35:54.425757563Z,2026-04-09T07:58:00Z,device_telemetry,TD00000001,64b2f261-4d07-40e8-8d12-7cc6131a42d2,10.74,6.2,49.963,-6636.319,-0.8397,246.86,427.64
,,0,2026-04-08T09:35:54.425757563Z,2026-04-09T09:35:54.425757563Z,2026-04-09T07:58:21Z,device_telemetry,TD00000001,64b2f261-4d07-40e8-8d12-7cc6131a42d2,10.86,6.3,49.963,-6694.239,-0.8345,246.98,427.58
,,0,2026-04-08T09:35:54.425757563Z,2026-04-09T09:35:54.425757563Z,2026-04-09T07:58:41Z,device_telemetry,TD00000001,64b2f261-4d07-40e8-8d12-7cc6131a42d2,10.64,6.3,49.971,-6516.702,-0.8321,247.24,428.17
,,0,2026-04-08T09:35:54.425757563Z,2026-04-09T09:35:54.425757563Z,2026-04-09T07:59:01Z,device_telemetry,TD00000001,64b2f261-4d07-40e8-8d12-7cc6131a42d2,11,6.3,49.971,-6885.008,-0.8474,247.43,428.58
,,0,2026-04-08T09:35:54.425757563Z,2026-04-09T09:35:54.425757563Z,2026-04-09T07:59:22Z,device_telemetry,TD00000001,64b2f261-4d07-40e8-8d12-7cc6131a42d2,11.33,6.4,49.971,-7142.451,-0.8528,247.47,428.62
,,0,2026-04-08T09:35:54.425757563Z,2026-04-09T09:35:54.425757563Z,2026-04-09T07:59:43Z,device_telemetry,TD00000001,64b2f261-4d07-40e8-8d12-7cc6131a42d2,11.39,6.4,49.98,-7209.958,-0.8554,247.55,429.03
,,0,2026-04-08T09:35:54.425757563Z,2026-04-09T09:35:54.425757563Z,2026-04-09T08:00:03Z,device_telemetry,TD00000001,64b2f261-4d07-40e8-8d12-7cc6131a42d2,11.48,6.5,49.963,-7298.981,-0.8574,247.63,428.87
,,0,2026-04-08T09:35:54.425757563Z,2026-04-09T09:35:54.425757563Z,2026-04-09T08:00:24Z,device_telemetry,TD00000001,64b2f261-4d07-40e8-8d12-7cc6131a42d2,11.23,6.5,49.98,-6958.053,-0.8379,247.72,429.1
,,0,2026-04-08T09:35:54.425757563Z,2026-04-09T09:35:54.425757563Z,2026-04-09T08:00:44Z,device_telemetry,TD00000001,64b2f261-4d07-40e8-8d12-7cc6131a42d2,10.83,6.5,49.996,-6643.63,-0.8276,247.99,429.69
,,0,2026-04-08T09:35:54.425757563Z,2026-04-09T09:35:54.425757563Z,2026-04-09T08:01:05Z,device_telemetry,TD00000001,64b2f261-4d07-40e8-8d12-7cc6131a42d2,10.73,6.6,50.005,-6577.389,-0.8318,248.13,429.87
,,0,2026-04-08T09:35:54.425757563Z,2026-04-09T09:35:54.425757563Z,2026-04-09T08:01:25Z,device_telemetry,TD00000001,64b2f261-4d07-40e8-8d12-7cc6131a42d2,11.06,6.6,50.013,-6914.079,-0.8467,248,429.32
,,0,2026-04-08T09:35:54.425757563Z,2026-04-09T09:35:54.425757563Z,2026-04-09T08:01:46Z,device_telemetry,TD00000001,64b2f261-4d07-40e8-8d12-7cc6131a42d2,11.28,6.7,50.021,-7077.032,-0.8457,247.91,429.48
,,0,2026-04-08T09:35:54.425757563Z,2026-04-09T09:35:54.425757563Z,2026-04-09T08:02:06Z,device_telemetry,TD00000001,64b2f261-4d07-40e8-8d12-7cc6131a42d2,11.14,6.7,50.021,-6961.259,-0.8472,247.8,429.3
,,0,2026-04-08T09:35:54.425757563Z,2026-04-09T09:35:54.425757563Z,2026-04-09T08:02:27Z,device_telemetry,TD00000001,64b2f261-4d07-40e8-8d12-7cc6131a42d2,10.98,6.7,50.013,-6757.479,-0.8446,247.94,428.09
,,0,2026-04-08T09:35:54.425757563Z,2026-04-09T09:35:54.425757563Z,2026-04-09T08:02:47Z,device_telemetry,TD00000001,64b2f261-4d07-40e8-8d12-7cc6131a42d2,10.56,6.8,50.013,-6482.615,-0.8386,244.95,424.35
,,0,2026-04-08T09:35:54.425757563Z,2026-04-09T09:35:54.425757563Z,2026-04-09T08:03:08Z,device_telemetry,TD00000001,64b2f261-4d07-40e8-8d12-7cc6131a42d2,10.45,6.8,50.021,-6448.558,-0.853,242.08,419.3
,,0,2026-04-08T09:35:54.425757563Z,2026-04-09T09:35:54.425757563Z,2026-04-09T08:03:28Z,device_telemetry,TD00000001,64b2f261-4d07-40e8-8d12-7cc6131a42d2,10.56,6.8,50.005,-6513.981,-0.8541,241.88,418.98
,,0,2026-04-08T09:35:54.425757563Z,2026-04-09T09:35:54.425757563Z,2026-04-09T08:03:49Z,device_telemetry,TD00000001,64b2f261-4d07-40e8-8d12-7cc6131a42d2,10.48,6.9,49.988,-6466.625,-0.8522,241.83,418.91
,,0,2026-04-08T09:35:54.425757563Z,2026-04-09T09:35:54.425757563Z,2026-04-09T08:04:10Z,device_telemetry,TD00000001,64b2f261-4d07-40e8-8d12-7cc6131a42d2,10.34,6.9,49.996,-6348.894,-0.8492,241.93,418.98
,,0,2026-04-08T09:35:54.425757563Z,2026-04-09T09:35:54.425757563Z,2026-04-09T08:04:30Z,device_telemetry,TD00000001,64b2f261-4d07-40e8-8d12-7cc6131a42d2,10.58,7,49.996,-6558.056,-0.8591,241.95,418.94
,,0,2026-04-08T09:35:54.425757563Z,2026-04-09T09:35:54.425757563Z,2026-04-09T08:04:51Z,device_telemetry,TD00000001,64b2f261-4d07-40e8-8d12-7cc6131a42d2,10.77,7,49.988,-6703.364,-0.861,241.74,418.78
,,0,2026-04-08T09:35:54.425757563Z,2026-04-09T09:35:54.425757563Z,2026-04-09T08:05:11Z,device_telemetry,TD00000001,64b2f261-4d07-40e8-8d12-7cc6131a42d2,10.49,7,49.98,-6428.457,-0.8496,241.76,419.13
,,0,2026-04-08T09:35:54.425757563Z,2026-04-09T09:35:54.425757563Z,2026-04-09T08:05:32Z,device_telemetry,TD00000001,64b2f261-4d07-40e8-8d12-7cc6131a42d2,10.41,7.1,49.996,-6390.993,-0.8484,241.91,419.06
,,0,2026-04-08T09:35:54.425757563Z,2026-04-09T09:35:54.425757563Z,2026-04-09T08:05:52Z,device_telemetry,TD00000001,64b2f261-4d07-40e8-8d12-7cc6131a42d2,10.42,7.1,49.996,-6399.797,-0.8513,241.77,418.77
,,0,2026-04-08T09:35:54.425757563Z,2026-04-09T09:35:54.425757563Z,2026-04-09T08:06:13Z,device_telemetry,TD00000001,64b2f261-4d07-40e8-8d12-7cc6131a42d2,10.46,7.1,49.996,-6433.254,-0.8517,241.58,418.43
,,0,2026-04-08T09:35:54.425757563Z,2026-04-09T09:35:54.425757563Z,2026-04-09T08:06:34Z,device_telemetry,TD00000001,64b2f261-4d07-40e8-8d12-7cc6131a42d2,10.38,7.2,50.005,-6363.553,-0.8517,241.61,418.42
,,0,2026-04-08T09:35:54.425757563Z,2026-04-09T09:35:54.425757563Z,2026-04-09T08:06:54Z,device_telemetry,TD00000001,64b2f261-4d07-40e8-8d12-7cc6131a42d2,10.37,7.2,49.988,-6369.788,-0.8515,241.46,418.37
,,0,2026-04-08T09:35:54.425757563Z,2026-04-09T09:35:54.425757563Z,2026-04-09T08:07:15Z,device_telemetry,TD00000001,64b2f261-4d07-40e8-8d12-7cc6131a42d2,10.32,7.3,49.971,-6315.352,-0.8479,241.63,418.5
,,0,2026-04-08T09:35:54.425757563Z,2026-04-09T09:35:54.425757563Z,2026-04-09T08:07:35Z,device_telemetry,TD00000001,64b2f261-4d07-40e8-8d12-7cc6131a42d2,10.31,7.3,49.98,-6329.318,-0.8507,241.53,418.42
,,0,2026-04-08T09:35:54.425757563Z,2026-04-09T09:35:54.425757563Z,2026-04-09T08:07:56Z,device_telemetry,TD00000001,64b2f261-4d07-40e8-8d12-7cc6131a42d2,10.39,7.3,49.98,-6372.166,-0.8511,241.69,418.5
,,0,2026-04-08T09:35:54.425757563Z,2026-04-09T09:35:54.425757563Z,2026-04-09T08:08:16Z,device_telemetry,TD00000001,64b2f261-4d07-40e8-8d12-7cc6131a42d2,10.35,7.4,49.988,-6339.028,-0.8481,241.59,418.5
,,0,2026-04-08T09:35:54.425757563Z,2026-04-09T09:35:54.425757563Z,2026-04-09T08:08:37Z,device_telemetry,TD00000001,64b2f261-4d07-40e8-8d12-7cc6131a42d2,10.32,7.4,49.963,-6326.019,-0.8487,241.62,418.64
,,0,2026-04-08T09:35:54.425757563Z,2026-04-09T09:35:54.425757563Z,2026-04-09T08:08:57Z,device_telemetry,TD00000001,64b2f261-4d07-40e8-8d12-7cc6131a42d2,10.34,7.4,49.963,-6334.099,-0.8488,241.86,418.77
,,0,2026-04-08T09:35:54.425757563Z,2026-04-09T09:35:54.425757563Z,2026-04-09T08:09:18Z,device_telemetry,TD00000001,64b2f261-4d07-40e8-8d12-7cc6131a42d2,10.41,7.5,49.955,-6415.386,-0.8487,241.72,418.67
,,0,2026-04-08T09:35:54.425757563Z,2026-04-09T09:35:54.425757563Z,2026-04-09T08:09:38Z,device_telemetry,TD00000001,64b2f261-4d07-40e8-8d12-7cc6131a42d2,10.31,7.5,49.963,-6308.414,-0.8473,241.81,418.66
,,0,2026-04-08T09:35:54.425757563Z,2026-04-09T09:35:54.425757563Z,2026-04-09T08:09:59Z,device_telemetry,TD00000001,64b2f261-4d07-40e8-8d12-7cc6131a42d2,10.26,7.5,49.955,-6286.205,-0.8512,241.74,418.46
,,0,2026-04-08T09:35:54.425757563Z,2026-04-09T09:35:54.425757563Z,2026-04-09T08:10:19Z,device_telemetry,TD00000001,64b2f261-4d07-40e8-8d12-7cc6131a42d2,10.6,7.6,49.963,-6571.617,-0.8568,241.57,418.54
,,0,2026-04-08T09:35:54.425757563Z,2026-04-09T09:35:54.425757563Z,2026-04-09T08:10:40Z,device_telemetry,TD00000001,64b2f261-4d07-40e8-8d12-7cc6131a42d2,10.43,7.6,49.955,-6412.809,-0.8516,241.43,418.25
,,0,2026-04-08T09:35:54.425757563Z,2026-04-09T09:35:54.425757563Z,2026-04-09T08:11:00Z,device_telemetry,TD00000001,64b2f261-4d07-40e8-8d12-7cc6131a42d2,10.41,7.7,49.955,-6399.539,-0.8511,241.55,418.26
,,0,2026-04-08T09:35:54.425757563Z,2026-04-09T09:35:54.425757563Z,2026-04-09T08:11:21Z,device_telemetry,TD00000001,64b2f261-4d07-40e8-8d12-7cc6131a42d2,10.42,7.7,49.963,-6423.551,-0.8534,241.71,418.84
,,0,2026-04-08T09:35:54.425757563Z,2026-04-09T09:35:54.425757563Z,2026-04-09T08:11:41Z,device_telemetry,TD00000001,64b2f261-4d07-40e8-8d12-7cc6131a42d2,10.48,7.7,49.98,-6473.898,-0.8543,241.6,418.58
,,0,2026-04-08T09:35:54.425757563Z,2026-04-09T09:35:54.425757563Z,2026-04-09T08:12:02Z,device_telemetry,TD00000001,64b2f261-4d07-40e8-8d12-7cc6131a42d2,10.49,7.8,49.988,-6453.322,-0.8524,241.68,418.63
,,0,2026-04-08T09:35:54.425757563Z,2026-04-09T09:35:54.425757563Z,2026-04-09T08:12:23Z,device_telemetry,TD00000001,64b2f261-4d07-40e8-8d12-7cc6131a42d2,10.32,7.8,49.98,-6316.109,-0.849,241.59,418.54
,,0,2026-04-08T09:35:54.425757563Z,2026-04-09T09:35:54.425757563Z,2026-04-09T08:12:43Z,device_telemetry,TD00000001,64b2f261-4d07-40e8-8d12-7cc6131a42d2,10.39,7.8,49.996,-6393.319,-0.8513,241.67,418.71
,,0,2026-04-08T09:35:54.425757563Z,2026-04-09T09:35:54.425757563Z,2026-04-09T08:13:04Z,device_telemetry,TD00000001,64b2f261-4d07-40e8-8d12-7cc6131a42d2,10.44,7.9,49.988,-6424.783,-0.8504,241.78,418.61
,,0,2026-04-08T09:35:54.425757563Z,2026-04-09T09:35:54.425757563Z,2026-04-09T08:13:24Z,device_telemetry,TD00000001,64b2f261-4d07-40e8-8d12-7cc6131a42d2,10.36,7.9,49.98,-6363.228,-0.8509,241.71,418.8
,,0,2026-04-08T09:35:54.425757563Z,2026-04-09T09:35:54.425757563Z,2026-04-09T08:13:45Z,device_telemetry,TD00000001,64b2f261-4d07-40e8-8d12-7cc6131a42d2,10.46,7.9,49.971,-6449.851,-0.8554,241.3,417.87
,,0,2026-04-08T09:35:54.425757563Z,2026-04-09T09:35:54.425757563Z,2026-04-09T08:14:05Z,device_telemetry,TD00000001,64b2f261-4d07-40e8-8d12-7cc6131a42d2,10.38,8,49.98,-6357.636,-0.8503,241.4,418.07
,,0,2026-04-08T09:35:54.425757563Z,2026-04-09T09:35:54.425757563Z,2026-04-09T08:14:26Z,device_telemetry,TD00000001,64b2f261-4d07-40e8-8d12-7cc6131a42d2,10.27,8,49.971,-6284.423,-0.8472,241.27,418.02
,,0,2026-04-08T09:35:54.425757563Z,2026-04-09T09:35:54.425757563Z,2026-04-09T08:14:47Z,device_telemetry,TD00000001,64b2f261-4d07-40e8-8d12-7cc6131a42d2,10.27,8.1,49.963,-6283.623,-0.848,241.36,418.27
,,0,2026-04-08T09:35:54.425757563Z,2026-04-09T09:35:54.425757563Z,2026-04-09T08:15:07Z,device_telemetry,TD00000001,64b2f261-4d07-40e8-8d12-7cc6131a42d2,10.25,8.1,49.955,-6236.194,-0.8462,241.29,417.97
,,0,2026-04-08T09:35:54.425757563Z,2026-04-09T09:35:54.425757563Z,2026-04-09T08:15:27Z,device_telemetry,TD00000001,64b2f261-4d07-40e8-8d12-7cc6131a42d2,10.23,8.1,49.996,-6243.414,-0.8473,241.21,417.88
,,0,2026-04-08T09:35:54.425757563Z,2026-04-09T09:35:54.425757563Z,2026-04-09T08:15:48Z,device_telemetry,TD00000001,64b2f261-4d07-40e8-8d12-7cc6131a42d2,10.15,8.2,49.996,-6180.736,-0.8456,241.14,417.66
,,0,2026-04-08T09:35:54.425757563Z,2026-04-09T09:35:54.425757563Z,2026-04-09T08:16:08Z,device_telemetry,TD00000001,64b2f261-4d07-40e8-8d12-7cc6131a42d2,10.27,8.2,50.005,-6273.637,-0.8504,241.06,417.56
,,0,2026-04-08T09:35:54.425757563Z,2026-04-09T09:35:54.425757563Z,2026-04-09T08:16:29Z,device_telemetry,TD00000001,64b2f261-4d07-40e8-8d12-7cc6131a42d2,10.45,8.2,50.038,-6476.368,-0.8637,241.32,417.93
,,0,2026-04-08T09:35:54.425757563Z,2026-04-09T09:35:54.425757563Z,2026-04-09T08:16:49Z,device_telemetry,TD00000001,64b2f261-4d07-40e8-8d12-7cc6131a42d2,10.81,8.3,50.046,-6783.928,-0.8684,241.24,417.97
,,0,2026-04-08T09:35:54.425757563Z,2026-04-09T09:35:54.425757563Z,2026-04-09T08:17:10Z,device_telemetry,TD00000001,64b2f261-4d07-40e8-8d12-7cc6131a42d2,10.82,8.3,50.063,-6768.928,-0.867,241.19,417.53
,,0,2026-04-08T09:35:54.425757563Z,2026-04-09T09:35:54.425757563Z,2026-04-09T08:17:31Z,device_telemetry,TD00000001,64b2f261-4d07-40e8-8d12-7cc6131a42d2,10.65,8.3,50.038,-6586.915,-0.8587,240.9,417.11
,,0,2026-04-08T09:35:54.425757563Z,2026-04-09T09:35:54.425757563Z,2026-04-09T08:17:51Z,device_telemetry,TD00000001,64b2f261-4d07-40e8-8d12-7cc6131a42d2,10.39,8.4,50.038,-6387.634,-0.8557,240.74,416.98
,,0,2026-04-08T09:35:54.425757563Z,2026-04-09T09:35:54.425757563Z,2026-04-09T08:18:12Z,device_telemetry,TD00000001,64b2f261-4d07-40e8-8d12-7cc6131a42d2,10.45,8.4,50.046,-6445.671,-0.8569,240.68,416.97
,,0,2026-04-08T09:35:54.425757563Z,2026-04-09T09:35:54.425757563Z,2026-04-09T08:18:32Z,device_telemetry,TD00000001,64b2f261-4d07-40e8-8d12-7cc6131a42d2,10.35,8.5,50.038,-6372.251,-0.8555,240.75,417.33
,,0,2026-04-08T09:35:54.425757563Z,2026-04-09T09:35:54.425757563Z,2026-04-09T08:18:53Z,device_telemetry,TD00000001,64b2f261-4d07-40e8-8d12-7cc6131a42d2,10.38,8.5,50.046,-6381.038,-0.8527,241,417.47
,,0,2026-04-08T09:35:54.425757563Z,2026-04-09T09:35:54.425757563Z,2026-04-09T08:19:13Z,device_telemetry,TD00000001,64b2f261-4d07-40e8-8d12-7cc6131a42d2,10.25,8.5,50.03,-6268.177,-0.8508,240.97,417.3
,,0,2026-04-08T09:35:54.425757563Z,2026-04-09T09:35:54.425757563Z,2026-04-09T08:19:34Z,device_telemetry,TD00000001,64b2f261-4d07-40e8-8d12-7cc6131a42d2,10.4,8.6,50.03,-6429.268,1,240.99,417.25
,,0,2026-04-08T09:35:54.425757563Z,2026-04-09T09:35:54.425757563Z,2026-04-09T08:19:55Z,device_telemetry,TD00000001,64b2f261-4d07-40e8-8d12-7cc6131a42d2,0,8.6,50.03,0,1,241.38,418.06
,,0,2026-04-08T09:35:54.425757563Z,2026-04-09T09:35:54.425757563Z,2026-04-09T08:20:15Z,device_telemetry,TD00000001,64b2f261-4d07-40e8-8d12-7cc6131a42d2,0,8.6,50.038,0,1,241.56,418.51
,,0,2026-04-08T09:35:54.425757563Z,2026-04-09T09:35:54.425757563Z,2026-04-09T08:20:36Z,device_telemetry,TD00000001,64b2f261-4d07-40e8-8d12-7cc6131a42d2,0,8.6,50.046,0,1,241.76,418.71
,,0,2026-04-08T09:35:54.425757563Z,2026-04-09T09:35:54.425757563Z,2026-04-09T08:20:57Z,device_telemetry,TD00000001,64b2f261-4d07-40e8-8d12-7cc6131a42d2,0,8.6,50.038,0,1,241.88,418.99
,,0,2026-04-08T09:35:54.425757563Z,2026-04-09T09:35:54.425757563Z,2026-04-09T08:21:17Z,device_telemetry,TD00000001,64b2f261-4d07-40e8-8d12-7cc6131a42d2,0,8.6,50.03,0,-0.9714,241.78,418.7
,,0,2026-04-08T09:35:54.425757563Z,2026-04-09T09:35:54.425757563Z,2026-04-09T08:21:38Z,device_telemetry,TD00000001,64b2f261-4d07-40e8-8d12-7cc6131a42d2,0,8.6,50.03,0,1,241.58,418.21
,,0,2026-04-08T09:35:54.425757563Z,2026-04-09T09:35:54.425757563Z,2026-04-09T08:21:59Z,device_telemetry,TD00000001,64b2f261-4d07-40e8-8d12-7cc6131a42d2,0.39,8.6,50.005,0,-0.9711,241.36,417.61
,,0,2026-04-08T09:35:54.425757563Z,2026-04-09T09:35:54.425757563Z,2026-04-09T08:22:19Z,device_telemetry,TD00000001,64b2f261-4d07-40e8-8d12-7cc6131a42d2,0.39,8.6,50.021,-278.0314,-0.9746,241.14,417.56
,,0,2026-04-08T09:35:54.425757563Z,2026-04-09T09:35:54.425757563Z,2026-04-09T08:22:40Z,device_telemetry,TD00000001,64b2f261-4d07-40e8-8d12-7cc6131a42d2,0.39,8.6,50.046,-277.6004,-0.9716,241.27,417.79
,,0,2026-04-08T09:35:54.425757563Z,2026-04-09T09:35:54.425757563Z,2026-04-09T08:23:00Z,device_telemetry,TD00000001,64b2f261-4d07-40e8-8d12-7cc6131a42d2,0.39,8.6,50.03,-279.3365,-0.9724,241.14,417.91
,,0,2026-04-08T09:35:54.425757563Z,2026-04-09T09:35:54.425757563Z,2026-04-09T08:23:21Z,device_telemetry,TD00000001,64b2f261-4d07-40e8-8d12-7cc6131a42d2,0.39,8.6,50.03,-278.0358,-0.9781,241.22,417.96
,,0,2026-04-08T09:35:54.425757563Z,2026-04-09T09:35:54.425757563Z,2026-04-09T08:23:42Z,device_telemetry,TD00000001,64b2f261-4d07-40e8-8d12-7cc6131a42d2,0.39,8.6,49.996,-278.6854,-0.9794,241.14,417.65
,,0,2026-04-08T09:35:54.425757563Z,2026-04-09T09:35:54.425757563Z,2026-04-09T08:24:02Z,device_telemetry,TD00000001,64b2f261-4d07-40e8-8d12-7cc6131a42d2,0.39,8.6,50.021,-278.2491,-0.9774,241.03,417.46
,,0,2026-04-08T09:35:54.425757563Z,2026-04-09T09:35:54.425757563Z,2026-04-09T08:24:23Z,device_telemetry,TD00000001,64b2f261-4d07-40e8-8d12-7cc6131a42d2,0.39,8.6,50.013,-277.821,1,241.12,417.51
,,0,2026-04-08T09:35:54.425757563Z,2026-04-09T09:35:54.425757563Z,2026-04-09T08:24:43Z,device_telemetry,TD00000001,64b2f261-4d07-40e8-8d12-7cc6131a42d2,0.39,8.6,50.013,-276.9556,1,241.04,417.51
,,0,2026-04-08T09:35:54.425757563Z,2026-04-09T09:35:54.425757563Z,2026-04-09T08:25:04Z,device_telemetry,TD00000001,64b2f261-4d07-40e8-8d12-7cc6131a42d2,0.39,8.6,50.021,-277.8119,-0.9701,240.94,417.53
,,0,2026-04-08T09:35:54.425757563Z,2026-04-09T09:35:54.425757563Z,2026-04-09T08:25:24Z,device_telemetry,TD00000001,64b2f261-4d07-40e8-8d12-7cc6131a42d2,0,8.6,50.021,-277.3794,1,240.88,417.36
,,0,2026-04-08T09:35:54.425757563Z,2026-04-09T09:35:54.425757563Z,2026-04-09T08:25:45Z,device_telemetry,TD00000001,64b2f261-4d07-40e8-8d12-7cc6131a42d2,0,8.6,50.03,-277.6009,1,241,417.6
,,0,2026-04-08T09:35:54.425757563Z,2026-04-09T09:35:54.425757563Z,2026-04-09T08:26:06Z,device_telemetry,TD00000001,64b2f261-4d07-40e8-8d12-7cc6131a42d2,0.39,8.6,50.013,-276.9542,1,240.99,417.39
,,0,2026-04-08T09:35:54.425757563Z,2026-04-09T09:35:54.425757563Z,2026-04-09T08:26:26Z,device_telemetry,TD00000001,64b2f261-4d07-40e8-8d12-7cc6131a42d2,0.39,8.6,50.013,0,1,241.01,417.68
,,0,2026-04-08T09:35:54.425757563Z,2026-04-09T09:35:54.425757563Z,2026-04-09T08:26:47Z,device_telemetry,TD00000001,64b2f261-4d07-40e8-8d12-7cc6131a42d2,0.39,8.6,50.013,0,1,241.02,417.43
,,0,2026-04-08T09:35:54.425757563Z,2026-04-09T09:35:54.425757563Z,2026-04-09T08:27:08Z,device_telemetry,TD00000001,64b2f261-4d07-40e8-8d12-7cc6131a42d2,0,8.6,50.013,0,1,241.17,417.75
,,0,2026-04-08T09:35:54.425757563Z,2026-04-09T09:35:54.425757563Z,2026-04-09T08:27:28Z,device_telemetry,TD00000001,64b2f261-4d07-40e8-8d12-7cc6131a42d2,0.39,8.6,50.005,-279.5547,-0.9777,241.37,417.67
,,0,2026-04-08T09:35:54.425757563Z,2026-04-09T09:35:54.425757563Z,2026-04-09T08:27:49Z,device_telemetry,TD00000001,64b2f261-4d07-40e8-8d12-7cc6131a42d2,0.39,8.6,50.013,-278.2462,-0.9749,241.21,417.97
,,0,2026-04-08T09:35:54.425757563Z,2026-04-09T09:35:54.425757563Z,2026-04-09T08:28:09Z,device_telemetry,TD00000001,64b2f261-4d07-40e8-8d12-7cc6131a42d2,0.39,8.6,50.005,-276.9451,-0.972,241.19,417.89
,,0,2026-04-08T09:35:54.425757563Z,2026-04-09T09:35:54.425757563Z,2026-04-09T08:28:30Z,device_telemetry,TD00000001,64b2f261-4d07-40e8-8d12-7cc6131a42d2,0,8.6,50.013,-277.3852,-0.9714,241.2,418.03
,,0,2026-04-08T09:35:54.425757563Z,2026-04-09T09:35:54.425757563Z,2026-04-09T08:28:51Z,device_telemetry,TD00000001,64b2f261-4d07-40e8-8d12-7cc6131a42d2,0.39,8.6,50.005,0,1,241.45,418.39
,,0,2026-04-08T09:35:54.425757563Z,2026-04-09T09:35:54.425757563Z,2026-04-09T08:29:11Z,device_telemetry,TD00000001,64b2f261-4d07-40e8-8d12-7cc6131a42d2,0,8.6,50.013,0,-0.974,241.55,418.18
,,0,2026-04-08T09:35:54.425757563Z,2026-04-09T09:35:54.425757563Z,2026-04-09T08:29:32Z,device_telemetry,TD00000001,64b2f261-4d07-40e8-8d12-7cc6131a42d2,9.96,8.6,50.021,-6517.511,-0.8728,240.93,417.16